{"scope.version":"2","timeline.animationMode":"proMode","viewport.width":480,"viewport.height":800,"library.openDirectories":["F:/123/B0629001/assets/Untitled"],"library.GroupsPath":{},"library.downloadedAssets":{},"timeline.loopPreview":false,"publish.local.flatten":true,"publish.local.minify":true,"publish.local.inlineFiles":true,"publish.local.createZip":false,"publish.local.politeLoad":false,"publish.local.exportMozilla":true,"publish.local.exportWebkit":true,"publish.local.unpackGroups":false,"publish.local.borderColor":"rgba(0,0,0,1)","publish.local.addBorder":false,"":false,"publish.local.skipLoadingDelay":true}